{
  "defense": {
    "halflife_days": 365,
    "k_shrink": 600
  },
  "ewma_halflife": 3,
  "kalman": {
    "adj_epa": {
      "q": 5e-05,
      "r_play": 1.0,
      "p0": 0.005
    },
    "epa": {
      "q": 5e-05,
      "r_play": 1.0,
      "p0": 0.005
    },
    "cpoe": {
      "q": 5e-05,
      "r_play": 2.0,
      "p0": 0.005
    },
    "success": {
      "q": 5e-05,
      "r_play": 1.0,
      "p0": 0.005
    }
  },
  "rookie_prior": {
    "intercept": -0.04102928483184461,
    "log_pick_slope": -0.00811321511023827
  },
  "age_drift": {
    "u25": 0.009338933552415713,
    "25_32": -0.006596881269481622,
    "o32": -0.018554668547322434
  },
  "fusion_beta": [
    -0.2214896408338983,
    0.42933821214316725,
    0.004402259572936286,
    0.5853576674843702
  ],
  "train_max_season": 2018
}